url,title,price,brand,description,image_url,scraped_at,spec_Bàn_Phím,spec_Bảo_hành,spec_CPU,spec_Camera,spec_Card_màn_hình,spec_Chất_liệu_vỏ,spec_Cổng_kết_nối,spec_Hệ_điều_hành,spec_Kích_thước,spec_Kết_nối_không_dây,spec_Pin,spec_Ram,spec_Sạc,spec_Trọng_lượng,spec_Tình_trạng,spec_Độ_phân_giải,spec_Ổ_cứng
https://sazo.vn/products/xiaoxin-pro-14c-2025-ryzen-7-h-255-24gb-ram-1tb-ssdlenovo-ideapad-slim-5,Xiaoxin Pro 14c 2025 (Ryzen 7 H 255| 24GB RAM| 1TB SSD)(Lenovo IdeaPad Slim 5),"18,490,000₫",Lenovo,,,2025-08-01 18:50:56,"Rút gọn, led trắng",12 tháng,"AMD Ryzen™ 7 H 255 (3.8 GHz up to 4.9 GHz, 8 Cores, 16 Threads, 16MB Cache)",FHD camera,Radeon 780M Graphics,Kim loại,"2x USB-A 3.2Gen1, 2x USB type C, 1x HDMI® 2.0 , 1x jack tai Nghe 3.5mm, 1x khe đọc ghi thẻ microSD",Windows 11 Home,31.2 x 22.1 x 1.55 cm,Wifi + Bluetooth,60wh,24GB DDR5-4800Mhz (có hỗ trợ nâng cấp),100W,~1.39 kg,"Mới 100% - FullBox, nhập khẩu","14″ 2.8K (2880x1800) OLED, màn gương, không cảm ứng, tần số quét màn 120Hz, tỷ lệ khung hình 16:10, độ sáng 500nits, hãng công bố có thể đạt tới tận 1100nits, Chỉ số Delta E <1, độ phủ màu 99% AdobeRGB, 100% sRGB, 100% DCI-P3, chứng chỉ màn bảo vệ mắt Eyesafe® Certified 2.0, DisplayHDR™ True Black 1000",1TB PCIe® 4.0 x4 NVME 2242 M.2 SSD
https://sazo.vn/products/xiaoxin-pro-16c-2025-ryzen-7-h-255-24gb-ram-1tb-ssdlenovo-ideapad-slim-5,Xiaoxin Pro 16c 2025 (Ryzen 7 H 255| 24GB RAM| 1TB SSD)(Lenovo IdeaPad Slim 5),"18,600,000₫",Lenovo,,,2025-08-01 18:50:58,"Rút gọn, led trắng",12 tháng,"AMD Ryzen™ 7 H 255 (3.8 GHz up to 4.9 GHz, 8 Cores, 16 Threads, 16MB Cache)",FHD camera,Radeon 780M Graphics,Kim loại,"2x USB-A 3.2Gen1, 2x USB type C, 1x HDMI® 2.0 , 1x jack tai Nghe 3.5mm, 1x khe đọc ghi thẻ microSD",Windows 11 Home,16.9mm,Wifi + Bluetooth,80wh,24GB DDR5-4800Mhz (có hỗ trợ nâng cấp),100W,~1.76 kg,"Mới 100% - FullBox, nhập khẩu","16″ 2.8K (2880x1800) OLED, màn gương, không cảm ứng, tần số quét màn 120Hz, tỷ lệ khung hình 16:10, độ sáng 500nits, hãng công bố có thể đạt tới tận 1100nits, Chỉ số Delta E <1, độ phủ màu 99% AdobeRGB, 100% sRGB, 100% DCI-P3, chứng chỉ màn bảo vệ mắt Eyesafe® Certified 2.0, DisplayHDR™ True Black 1000",1TB PCIe® 4.0 x4 NVME 2242 M.2 SSD
https://sazo.vn/products/xiaoxin-pro-16c-2025-ai-7-h-350-32gb-ram-1tb-ssdlenovo-ideapad-slim-5,Xiaoxin Pro 16c 2025 (AI 7 H 350| 32GB RAM| 1TB SSD)(Lenovo IdeaPad Slim 5),"22,490,000₫",Lenovo,,,2025-08-01 18:51:00,"Rút gọn, led trắng",12 tháng,"AMD Ryzen AI 7 H 350 (8 nhân 16 luồng, xung nhịp cơ bản ~2GHz, tối đa có thể đạt ~5GHz, 8MB L2 Cache, 16MB L3 Cache, default TDP 28W, 4nm, Zen 5)",FHD camera,AMD Radeon™ 860M,Kim loại,"2x USB-A 3.2Gen1, 2x USB type C, 1x HDMI® 2.0 , 1x jack tai Nghe 3.5mm, 1x khe đọc ghi thẻ microSD",Windows 11 Home,16.9mm,Wifi + Bluetooth,80wh,32GB DDR5-5600Mhz (có hỗ trợ nâng cấp),100W,~1.76 kg,"Mới 100% - FullBox, nhập khẩu","16″ 2.8K (2880x1800) OLED, màn gương, không cảm ứng, tần số quét màn 120Hz, tỷ lệ khung hình 16:10, độ sáng 500nits, hãng công bố có thể đạt tới tận 1100nits, Chỉ số Delta E <1, độ phủ màu 99% AdobeRGB, 100% sRGB, 100% DCI-P3, chứng chỉ màn bảo vệ mắt Eyesafe® Certified 2.0, DisplayHDR™ True Black 1000",1TB PCIe® 4.0 x4 NVME 2242 M.2 SSD
https://sazo.vn/products/thinkbook-16-g7-2025-ai-7-h-260-32gb-ram-1tb-ssd,Thinkbook 16 G7+ 2025 (R7 H 260| 32GB RAM| 1TB SSD),"21,390,000₫",Lenovo,,,2025-08-01 18:51:01,có led phím,12 tháng,"AMD Ryzen 7 H 260 (8 nhân 16 luồng, xung nhịp cơ bản ~2GHz, tối đa có thể đạt ~5.1GHz, 16 Tops NPU)",FHD IR camera,AMD Radeon™ 780M,Kim loại,"2x cổng USB-A 3.2 Gen 1, , 1x khe đọc-ghi thẻ SD, , 1x khe cắm chìm USB-A 2.0, , 1x USB-C 3.2 Gen 2, , 1x cổng HDMI 2.1, , 1x cổng Thunderbolt 4 type C,, 1x Cổng mạng LAN, , 1x jack tai nghe, , 1x khe khóa vật lý",Windows 11 Home,35.6 x 25.1 x 1.69cm,Wifi 6 + Bluetooth 5.3,85wh,32GB LPDDR5x 7500MHz (không hỗ trợ nâng cấp),100W,1.9 kg,"Mới 100% - FullBox, nhập khẩu","16"" 3.2K (3200×2000) IPS, màn nhám không cảm ứng, tỷ lệ khung hình 16:10, tỷ lệ tương phản 1200:1, độ sáng ~500nits, tần số quét 165Hz, 100% DCI-P3, chỉ số DeltaE <1, Dolby® Vison, NVIDIA® G-SYNC®, TÜV Low Blue Light.",1TB PCIe® NVMe™ M.2 SSD
https://sazo.vn/products/thinkbook-14-g7-2025-ai-7-h-260-32gb-ram-1tb-ssd,Thinkbook 14 G7+ 2025 (R7 H 260| 32GB RAM| 1TB SSD),"20,490,000₫",Lenovo,,,2025-08-01 18:51:03,"Rút gọn, có led phím",12 tháng,"AMD Ryzen 7 H 260 (8 nhân 16 luồng, xung nhịp cơ bản ~2GHz, tối đa có thể đạt ~5.1GHz, 16 Tops NPU)",FHD IR camera,AMD Radeon™ 780M,Kim loại,"2x cổng USB-A 3.2 Gen 1, , 1x khe đọc-ghi thẻ microSD, , 1x khe cắm chìm USB-A 2.0, , 1x USB-C 3.2 Gen 2, , 1x cổng HDMI 2.1, , 1x cổng Thunderbolt 4 type C,, 1x Cổng mạng LAN, , 1x jack tai nghe, , 1x khe khóa vật lý",Windows 11 Home,31.2 x 22.4 x 1.59cm,Wifi 6 + Bluetooth 5.3,85wh,32GB LPDDR5x 7500MHz (không hỗ trợ nâng cấp),100W,1.5 kg,"Mới 100% - FullBox, nhập khẩu","14.5"" 3K (3072×1920) IPS, màn nhám không cảm ứng, tỷ lệ khung hình 16:10, tỷ lệ tương phản 1200:1, độ sáng ~500nits, tần số quét 120Hz, 100% DCI-P3, chỉ số DeltaE <1, Dolby® Vison, TÜV Low Blue Light.",1TB PCIe® NVMe™ M.2 SSD
https://sazo.vn/products/thinkpad-x1-carbon-gen-13-ultra-5-225h-32gb-ram-1tb-ssdaura-edition,Thinkpad X1 Carbon Gen 13 (Ultra 5-225H| 32GB RAM| 1TB SSD)(Aura Edition),"44,500,000₫",Lenovo,,,2025-08-01 18:51:05,Đèn nền trắng,12 tháng,"Intel Core Ultra 5-225H (14 nhân 14 luồng, xung nhịp tối đa với Turbo Boost tới 4.9GHz, 18 MB Cache)","1080P IR Camera, fingerprint reader",Intel® Arc™ 130T (onboard),Nhựa carbon cao cấp,"2 x USB-C® (Thunderbolt™ 4, USB 40Gbps) , 2 x USB-A (USB 5Gbps) , Headphones / mic combo , HDMI 2.1 (supports resolution up to 4K@60Hz)",Windows 11 Home,31.28cm x 21.47cm x 0.8-1.43cm,Wifi 7 + Bluetooth 5.4,57 Wh,32 GB RAM LPDDR5X 8400 MT/s (không hỗ trợ nâng cấp),65 W,~1.09 kg,"Mới 100% - FullBox, nhập khẩu","14"" 2.8K 3A-OLED (2880x1800) anti-glare (chống loá), anti-reflective (chống chói), anti-smudge (chống bám bẩn), KHÔNG CẢM ỨNG, độ sáng 400nits, độ phủ màu 100% DCI-P3, tỷ lệ tương phản 1000000:1, tỷ lệ khung hình 16:10, tần số quét 120Hz, Display HDR, True Black 500 …",1TB PCIe SSD Gen 4
https://sazo.vn/products/thinkbook-16p-2025-25k-ultra-7-255hx-32gb-ram-1tb-ssd-rtx-5060,ThinkBook 16P 2025 2.5k (Ultra 7-255HX| 32GB RAM| 1TB SSD| RTX 5060),"40,000,000₫",Lenovo,,,2025-08-01 18:51:07,"Full size, có led phím",12 tháng,"Intel Core Ultra 7 255HX (20 nhân (gồm 8 nhân P và 12 nhân E) 20 luồng, xung nhịp cơ bản từ 1.8GHz có thể đạt max với turbo boost lên tới 5.2GHz, 36MB Cache)",FHD IR camera,Intel® Graphics + NVIDIA® GeForce RTX 5060 Laptop GPU 8GB GDDR7,Kim loại,"2x cổng USB-A 3.2 Gen 1;, 1x cổng USB-A 3.2 Gen 2;, 2x cổng Thunderbolt 4;, 1x HDMI 2.1,, 1x cổng cắm sạc chân slim,, 1x jack tai nghe 3.5mm,, 1x SD Card,",Windows 11 Home,354.6 x 256.2 x 17.9mm,Wifi 7 + Bluetooth 5.4,85whr,32GB DDR5-5600MHz (hỗ trợ nâng cấp),300W,~2.2 kg,"Mới 100% - FullBox, nhập khẩu","16″ 2.5K (2560×1600) IPS, màn nhám không cảm ứng, tỷ lệ khung hình 16:10, độ sáng 500nits, tần số quét 240Hz, 100% DCI-P3, chỉ số DeltaE <1, TÜV Low Blue Light, Eyesafe Display",1TB PCIe® 4.0 x4 NVME SSD
https://sazo.vn/products/thinkbook-16-g7-2025-ultra-9-285h-32gb-ram-1tb-ssd-rtx-5060,Thinkbook 16 G7+ 2025 (Ultra 9-285H| 32GB RAM| 1TB SSD| RTX 5060),"38,000,000₫",Lenovo,,,2025-08-01 18:51:09,"Fullsize, có led phím",12 tháng,"Intel® Core™ Ultra 9 285H (16 nhân, 16 luồng, xung nhịp có thể đạt tới 5.4GHz với turbo boost, 24 MB Intel® Smart Cache) Intel AI Boost",FHD IR camera,Intel® Arc™ 140T GPU + NVIDIA® GeForce RTX 5060 Laptop GPU 8GB GDDR7,Kim loại,"2x cổng USB-A 3.2 Gen 1, , 1x khe đọc-ghi thẻ microSD, , 1x Khe cắm chìm USB-A 2.0, , 1x USB-C 3.2 Gen 2, , 1x cổng HDMI 2.1, , 1x cổng Thunderbolt 4 type C, , 1x Cổng mạng LAN,, 1x jack tai nghe, , 1x khe khóa vật lý, , 1x cổng TGX",Windows 11 Home,35.6 x 24.8 x 1.69cm,Wifi 7 + Bluetooth 5.4,85wh,32GB DDR5 5600MHz (có hỗ trợ nâng cấp),100W,~1.9 kg,"Mới 100% - FullBox, nhập khẩu","16"" 3.2K (3200×2000) IPS, màn nhám không cảm ứng, tỷ lệ khung hình 16:10, tỷ lệ tương phản 1200:1, độ sáng lên tới 500nits, tần số quét 165Hz, 100% DCI-P3, chỉ số DeltaE <1, Dolby® Vison, TÜV Low Blue Light. (các thông số này công bố trên trang của chính",1TB PCIe® NVMe™ M.2 SSD
https://sazo.vn/products/thinkbook-16p-2025-25k-240hz-r9-8945hx-32gb-ram-1tb-ssd-rtx-5060,ThinkBook 16P 2025 2.5k 240Hz (R9-8945HX| 32GB RAM| 1TB SSD| RTX 5060),"36,900,000₫",Lenovo,,,2025-08-01 18:51:10,"Full size, có led phím",12 tháng,"AMD Ryzen 9 8945HX (16 nhân 32 luồng, xung nhịp cơ bản 2.5GHz có thể đạt tới 5.4GHz đơn nhân với turbo boost, 16MB L2 Cache, 64MB L3 Cache, default TDP 55W)",HD camera,Intel® Graphics + NVIDIA® GeForce RTX 5060 Laptop GPU 8GB GDDR7,Kim loại,"2x cổng USB-A 3.2 Gen 1;, 1x cổng USB-A 3.2 Gen 2;, 2x cổng Type-C;, 1x HDMI 2.1,, 1x cổng cắm sạc chân slim,, 1x jack tai nghe 3.5mm,, 1x SD Card,",Windows 11 Home,354.6 x 256.2 x 17.9mm,Wifi 7 + Bluetooth 5.4,85whr,32GB DDR5-5200MHz (hỗ trợ nâng cấp),300W,~2.2 kg,"Mới 100% - FullBox, nhập khẩu","16″ 2.5K (2560×1600) IPS, màn nhám không cảm ứng, tỷ lệ khung hình 16:10, độ sáng 500nits, tần số quét 240Hz, 100% DCI-P3, chỉ số DeltaE <1, TÜV Low Blue Light, Eyesafe Display, HDR 400",1TB PCIe® 4.0 x4 NVME SSD
https://sazo.vn/products/thinkbook-16p-2025-25k-240hz-r9-8945hx-16gb-ram-1tb-ssd-rtx-5060,ThinkBook 16P 2025 2.5k 240Hz (R9-8945HX| 16GB RAM| 1TB SSD| RTX 5060),"35,690,000₫",Lenovo,,,2025-08-01 18:51:12,"Full size, có led phím",12 tháng,"AMD Ryzen 9 8945HX (16 nhân 32 luồng, xung nhịp cơ bản 2.5GHz có thể đạt tới 5.4GHz đơn nhân với turbo boost, 16MB L2 Cache, 64MB L3 Cache, default TDP 55W)",HD camera,Intel® Graphics + NVIDIA® GeForce RTX 5060 Laptop GPU 8GB GDDR7,Kim loại,"2x cổng USB-A 3.2 Gen 1;, 1x cổng USB-A 3.2 Gen 2;, 2x cổng Type-C;, 1x HDMI 2.1,, 1x cổng cắm sạc chân slim,, 1x jack tai nghe 3.5mm,, 1x SD Card,",Windows 11 Home,354.6 x 256.2 x 17.9mm,Wifi 7 + Bluetooth 5.4,85whr,16GB DDR5-5200MHz (hỗ trợ nâng cấp),300W,~2.2 kg,"Mới 100% - FullBox, nhập khẩu","16″ 2.5K (2560×1600) IPS, màn nhám không cảm ứng, tỷ lệ khung hình 16:10, độ sáng 500nits, tần số quét 240Hz, 100% DCI-P3, chỉ số DeltaE <1, TÜV Low Blue Light, Eyesafe Display, HDR 400",1TB PCIe® 4.0 x4 NVME SSD
https://sazo.vn/products/thinkbook-16p-2025-25k-165hz-r9-8945hx-16gb-ram-1tb-ssd-rtx-5060,ThinkBook 16P 2025 2.5k 165Hz (R9-8945HX| 16GB RAM| 1TB SSD| RTX 5060),"32,500,000₫",Lenovo,,,2025-08-01 18:51:14,"Full size, có led phím",12 tháng,"AMD Ryzen 9 8945HX (16 nhân 32 luồng, xung nhịp cơ bản 2.5GHz có thể đạt tới 5.4GHz đơn nhân với turbo boost, 16MB L2 Cache, 64MB L3 Cache, default TDP 55W)",HD camera,Intel® Graphics + NVIDIA® GeForce RTX 5060 Laptop GPU 8GB GDDR7,Kim loại,"2x cổng USB-A 3.2 Gen 1;, 1x cổng USB-A 3.2 Gen 2;, 2x cổng Type-C;, 1x HDMI 2.1,, 1x cổng cắm sạc chân slim,, 1x jack tai nghe 3.5mm,, 1x SD Card,",Windows 11 Home,354.6 x 256.2 x 17.9mm,Wifi 7 + Bluetooth 5.4,85whr,16GB DDR5-5200MHz (hỗ trợ nâng cấp),300W,~2.2 kg,"Mới 100% - FullBox, nhập khẩu","16″ 2.5K (2560×1600) IPS, màn nhám không cảm ứng, tỷ lệ khung hình 16:10, độ sáng 350nits, tần số quét 165Hz, 100% sRGB, chỉ số DeltaE <1, TÜV Low Blue Light, Eyesafe Display",1TB PCIe® 4.0 x4 NVME SSD
https://sazo.vn/products/thinkbook-16p-2025-25k-ultra-7-255hx-16gb-ram-1tb-ssd-rtx-5060,ThinkBook 16P 2025 2.5k (Ultra 7-255HX| 16GB RAM| 1TB SSD| RTX 5060),"38,500,000₫",Lenovo,,,2025-08-01 18:51:16,"Full size, có led phím",12 tháng,"Intel Core Ultra 7 255HX (20 nhân (gồm 8 nhân P và 12 nhân E) 20 luồng, xung nhịp cơ bản từ 1.8GHz có thể đạt max với turbo boost lên tới 5.2GHz, 36MB Cache)",FHD IR camera,Intel® Graphics + NVIDIA® GeForce RTX 5060 Laptop GPU 8GB GDDR7,Kim loại,"2x cổng USB-A 3.2 Gen 1;, 1x cổng USB-A 3.2 Gen 2;, 2x cổng Thunderbolt 4;, 1x HDMI 2.1,, 1x cổng cắm sạc chân slim,, 1x jack tai nghe 3.5mm,, 1x SD Card,",Windows 11 Home,354.6 x 256.2 x 17.9mm,Wifi 7 + Bluetooth 5.4,85whr,16GB DDR5-5600MHz (hỗ trợ nâng cấp),300W,~2.2 kg,"Mới 100% - FullBox, nhập khẩu","16″ 2.5K (2560×1600) IPS, màn nhám không cảm ứng, tỷ lệ khung hình 16:10, độ sáng 500nits, tần số quét 240Hz, 100% DCI-P3, chỉ số DeltaE <1, TÜV Low Blue Light, Eyesafe Display",1TB PCIe® 4.0 x4 NVME SSD
https://sazo.vn/products/thinkbook-16p-2025-32k-ultra-9-275hx-32gb-ram-1tb-ssd-rtx-5070,ThinkBook 16P 2025 3.2k (Ultra 9-275HX| 32GB RAM| 1TB SSD| RTX 5070),"53,500,000₫",Lenovo,,,2025-08-01 18:51:21,"Full size, có led phím",12 tháng,"Intel Core Ultra 9 275HX (24 nhân (gồm 8 nhân P và 16 nhân E) 24 luồng, xung nhịp cơ bản từ 2.1GHz có thể đạt max với turbo boost lên tới 5.4GHz, 36MB Cache)",FHD IR camera,Intel® Graphics + NVIDIA® GeForce RTX 5070 Laptop GPU 8GB GDDR7,Kim loại,"2x cổng USB-A 3.2 Gen 1;, 1x cổng USB-A 3.2 Gen 2;, 2x cổng Thunderbolt 4;, 1x HDMI 2.1,, 1x cổng cắm sạc chân slim,, 1x jack tai nghe 3.5mm,, 1x SD Card,",Windows 11 Home,354.6 x 256.2 x 17.9mm,Wifi 7 + Bluetooth 5.4,85whr,32GB(16+16) DDR5-5600MHz (hỗ trợ nâng cấp),300W,~2.2 kg,"Mới 100% - FullBox, nhập khẩu","16″ 3.2K (3200×2000) IPS, màn nhám không cảm ứng, tỷ lệ khung hình 16:10, độ sáng 500nits, tần số quét 165Hz, 100% DCI-P3, chỉ số DeltaE <1, TÜV Low Blue Light, Eyesafe Display",1TB PCIe® 4.0 x4 NVME SSD
https://sazo.vn/products/thinkbook-16p-2025-25k-ultra-9-275hx-32gb-ram-1tb-ssd-rtx-5070,ThinkBook 16P 2025 2.5k (Ultra 9-275HX| 32GB RAM| 1TB SSD| RTX 5070),"52,500,000₫",Lenovo,,,2025-08-01 18:51:21,"Full size, có led phím",12 tháng,"Intel Core Ultra 9 275HX (24 nhân (gồm 8 nhân P và 16 nhân E) 24 luồng, xung nhịp cơ bản từ 2.1GHz có thể đạt max với turbo boost lên tới 5.4GHz, 36MB Cache)",FHD IR camera,Intel® Graphics + NVIDIA® GeForce RTX 5070 Laptop GPU 8GB GDDR7,Kim loại,"2x cổng USB-A 3.2 Gen 1;, 1x cổng USB-A 3.2 Gen 2;, 2x cổng Thunderbolt 4;, 1x HDMI 2.1,, 1x cổng cắm sạc chân slim,, 1x jack tai nghe 3.5mm,, 1x SD Card,",Windows 11 Home,354.6 x 256.2 x 17.9mm,Wifi 7 + Bluetooth 5.4,85whr,32GB(16+16) DDR5-5600MHz (hỗ trợ nâng cấp),300W,~2.2 kg,"Mới 100% - FullBox, nhập khẩu","16″ 2.5K (2560×1600) IPS, màn nhám không cảm ứng, tỷ lệ khung hình 16:10, độ sáng 500nits, tần số quét 240Hz, 100% DCI-P3, chỉ số DeltaE <1, TÜV Low Blue Light, Eyesafe Display, HDR 400",1TB PCIe® 4.0 x4 NVME SSD
https://sazo.vn/products/thinkbook-16p-2025-32k-ultra-9-275hx-32gb-ram-1tb-ssd-rtx-5060,ThinkBook 16P 2025 3.2k (Ultra 9-275HX| 32GB RAM| 1TB SSD| RTX 5060),"48,000,000₫",Lenovo,,,2025-08-01 18:51:23,"Full size, có led phím",12 tháng,"Intel Core Ultra 9 275HX (24 nhân (gồm 8 nhân P và 16 nhân E) 24 luồng, xung nhịp cơ bản từ 2.1GHz có thể đạt max với turbo boost lên tới 5.4GHz, 36MB Cache)",FHD IR camera,Intel® Graphics + NVIDIA® GeForce RTX 5060 Laptop GPU 8GB GDDR7,Kim loại,"2x cổng USB-A 3.2 Gen 1;, 1x cổng USB-A 3.2 Gen 2;, 2x cổng Thunderbolt 4;, 1x HDMI 2.1,, 1x cổng cắm sạc chân slim,, 1x jack tai nghe 3.5mm,, 1x SD Card,",Windows 11 Home,354.6 x 256.2 x 17.9mm,Wifi 7 + Bluetooth 5.4,85whr,32GB(16+16) DDR5-5600MHz (hỗ trợ nâng cấp),300W,~2.2 kg,"Mới 100% - FullBox, nhập khẩu","16″ 3.2K (3200×2000) IPS, màn nhám không cảm ứng, tỷ lệ khung hình 16:10, độ sáng 500nits, tần số quét 165Hz, 100% DCI-P3, chỉ số DeltaE <1, TÜV Low Blue Light, Eyesafe Display",1TB PCIe® 4.0 x4 NVME SSD
https://sazo.vn/products/thinkbook-16p-2025-25k-ultra-9-275hx-32gb-ram-1tb-ssd-rtx-5060,ThinkBook 16P 2025 2.5k (Ultra 9-275HX| 32GB RAM| 1TB SSD| RTX 5060),"46,000,000₫",Lenovo,,,2025-08-01 18:51:25,"Full size, có led phím",12 tháng,"Intel Core Ultra 9 275HX (24 nhân (gồm 8 nhân P và 16 nhân E) 24 luồng, xung nhịp cơ bản từ 2.1GHz có thể đạt max với turbo boost lên tới 5.4GHz, 36MB Cache)",FHD IR camera,Intel® Graphics + NVIDIA® GeForce RTX 5060 Laptop GPU 8GB GDDR7,Kim loại,"2x cổng USB-A 3.2 Gen 1;, 1x cổng USB-A 3.2 Gen 2;, 2x cổng Thunderbolt 4;, 1x HDMI 2.1,, 1x cổng cắm sạc chân slim,, 1x jack tai nghe 3.5mm,, 1x SD Card,",Windows 11 Home,354.6 x 256.2 x 17.9mm,Wifi 7 + Bluetooth 5.4,85whr,32GB(16+16) DDR5-5600MHz (hỗ trợ nâng cấp),300W,~2.2 kg,"Mới 100% - FullBox, nhập khẩu","16″ 2.5K (2560×1600) IPS, màn nhám không cảm ứng, tỷ lệ khung hình 16:10, độ sáng 500nits, tần số quét 240Hz, 100% DCI-P3, chỉ số DeltaE <1, TÜV Low Blue Light, Eyesafe Display, HDR 400",1TB PCIe® 4.0 x4 NVME SSD
https://sazo.vn/products/thinkpad-t14p-ai-2025-ultra-9-285h-32gb-ram-1tb-ssd,ThinkPad T14P AI 2025 (Ultra 9-285H| 32GB RAM| 1TB SSD),"34,000,000₫",Lenovo,,,2025-08-01 18:51:26,Đèn nền trắng,12 tháng,"Intel® Core™ Ultra 9 285H (16 nhân, 16 luồng, xung nhịp có thể đạt tới 5.4GHz với turbo boost, 24 MB Intel® Smart Cache) Intel AI Boost",FullHD IR camera,Intel® Arc™ 130T (onboard),Nhôm,"2x USB-C® Thunderbolt™ 4, 2x USB-A 3.2 Gen 1, 1x HDMI® 2.1, 1x Headphone / mic combo, 1x RJ45",Windows 11 Home,325.5 x 227.6 x 17.7 mm,Wifi 7 + Bluetooth 5.4,75wh,32GB(16+16) DDR5-5600MHz (có thể nâng cấp được),65W,~1.56 kg,"Mới 100% - FullBox, nhập khẩu","14.5"" (3k) IPS, 500nit, 120Hz, 100% DCI-P3, Eyesafe®-certified low blue light, ΔE<1",1TB PCIe® Gen4 NVMe™ TLC M.2 SSD
https://sazo.vn/products/legion-pro-7i-2025-y9000p-ultra-9-275hx-32gb-ram-1tb-ssd-rtx-5070ti,Legion Pro 7i 2025 Y9000P (Ultra 9-275HX| 32GB RAM| 1TB SSD| RTX 5070Ti),"65,000,000₫",Lenovo,,,2025-08-01 18:51:28,"Full size, có led phím RGB",12 tháng,"Intel Core Ultra 9 275HX (24 nhân (gồm 8 nhân P và 16 nhân E) 24 luồng, xung nhịp cơ bản từ 2.1GHz có thể đạt max với turbo boost lên tới 5.4GHz, 36MB Cache)",HD camera,Intel® Graphics + NVIDIA® GeForce RTX 5070Ti Laptop GPU 12GB GDDR7,Kim loại,"2x cổng USB-A 3.2 Gen 1 (5Gbps);, 1x cổng USB-A 3.2 Gen 2 (10Gbps);, 1x cổng Thunderbolt 4 (USB4 40Gbps + iGPU DP 2.1),, 1x cổng USB-C 3.2 Gen 2 (10Gbps + dGPU DP 2.1 + 140W PD 3.0);, 1x HDMI 2.1 (48Gbps),, 1x cổng cắm sạc chân slim,, 1x jack tai nghe 3.5mm,, 1x công tắc E-camera,, 1x cổng LAN",Windows 11 Home,36.4 x 27.5 x 2.19-2.66 cm,Wifi 7 + Bluetooth 5.4,80wh,32GB DDR5-6400MHz (hỗ trợ nâng cấp),400W,~2.57 kg,"Mới 100% - FullBox, nhập khẩu","16"" 2.5K (2560x1600) OLED màn gương, không cảm ứng, độ sáng 1100nits, độ phủ màu 100% DCI-P3, tỷ lệ tương phản 1000,000:1, tỷ lệ khung hình 16:10, tần số quét 240Hz, DisplayHDR™ True Black 1000, Dolby Vision®, NVIDIA® G-SYNC®, Advanced Optimus support",1TB PCIe® 4.0 x4 NVME SSD(1 x PCIe Gen4 + 1 x PCIe Gen5)
https://sazo.vn/products/xiaoxin-pro-14c-2025-ai-7-h-350-32gb-ram-1tb-ssdlenovo-ideapad-slim-5,Xiaoxin Pro 14c 2025 (AI 7 H 350| 32GB RAM| 1TB SSD)(Lenovo IdeaPad Slim 5),"21,490,000₫",Lenovo,,,2025-08-01 18:51:30,"Rút gọn, led trắng",12 tháng,"AMD Ryzen AI 7 H 350 (8 nhân 16 luồng, xung nhịp cơ bản ~2GHz, tối đa có thể đạt ~5GHz, 8MB L2 Cache, 16MB L3 Cache, default TDP 28W, 4nm, Zen 5)",FHD camera,AMD Radeon™ 860M,Kim loại,"2x USB-A , 2x USB type C, 1x HDMI® 2.0 , 1x jack tai Nghe 3.5mm, 1x khe đọc ghi thẻ microSD",Windows 11 Home,31.2 x 22.1 x 1.55 cm,Wifi 7 + Bluetooth 5.4,60wh,32GB DDR5-5600Mhz (có hỗ trợ nâng cấp),100W,1.39 kg,"Mới 100% - FullBox, nhập khẩu","14″ 2.8K (2880x1800) OLED, màn gương, không cảm ứng, tần số quét màn 120Hz, tỷ lệ khung hình 16:10, độ sáng hãng công bố có thể đạt tới tận 1100nits, Chỉ số Delta E <1, độ phủ màu 99% AdobeRGB, 100% sRGB, 100% DCI-P3, chứng chỉ màn bảo vệ mắt Eyesafe® Certified 2.0, DisplayHDR™ True Black 1000",1TB PCIe® 4.0 x4 NVME 2242 M.2 SSD
https://sazo.vn/products/legion-5-2025-r7000-25k-ryzen-7-h-255-16gb-ram-512gb-ssd-rtx-5060,Legion 5 2025 R7000 2.5K (Ryzen 7 H 255| 16GB RAM| 512GB SSD| RTX 5060),"27,690,000₫",Lenovo,,,2025-08-01 18:51:32,"Full size, có led phím",12 tháng,"AMD Ryzen 7 H 255 (8 nhân 16 luồng, xung nhịp cơ bản 3.8GHz có thể đạt tới 4.9GHz đơn nhân với turbo boost, 8MB L2 Cache, 16MB L3 Cache, default TDP 45W)",HD camera,Intel® Graphics + NVIDIA® GeForce RTX 5060 Laptop GPU 8GB GDDR7 115W,Nhựa Cao Cấp,"2x cổng USB-A 3.2 Gen 1 (5Gbps);, 1x cổng USB-A 3.2 Gen 2 (5Gbps + 5V/2A);, 1x cổng USB-C (USB 10Gbps + iGPU DP 1.4),, 1x cổng USB-C 3.2 Gen 2 (10Gbps + dGPU DP 2.1 + 140W PD 3.0);, 1x HDMI 2.1 (40Gbps),, 1x cổng cắm sạc chân slim,, 1x jack tai nghe 3.5mm,, 1x công tắc E-camera,, 1x cổng LAN",Windows 11 Home,>25mm,Wifi 6 + Bluetooth 5.3,60wh,16GB DDR5-5600MHz(hỗ trợ nâng cấp),245W,~2 kg,"Mới 100% - FullBox, nhập khẩu","15.3"" 2.5K (2560x1600) IPS, không cảm ứng, độ sáng 400nits, độ phủ màu 100% sRGB, tần số quét 180Hz, độ phản hồi 3ms, FreeSync premium, NVIDIA® G-SYNC®, DC dimmer",512GB PCIe® 4.0 x4 NVME SSD
https://sazo.vn/products/legion-5-2025-y7000-fhd-i7-13650hx-24gb-ram-1tb-ssd-rtx-5060,Legion 5 2025 Y7000 FHD (I7-13650HX| 24GB RAM| 1TB SSD| RTX 5060),"28,900,000₫",Lenovo,,,2025-08-01 18:51:34,"Full size, có led phím",12 tháng,"Intel Core i7-13650HX (14 nhân 20 luồng, xung nhịp có thể đạt tới 4.9GHz đơn nhân với turbo boost, 24MB Cache, default TDP 55W)",HD camera,Intel® Graphics + NVIDIA® GeForce RTX 5060 Laptop GPU 8GB GDDR7 115W,Nhựa Cao Cấp,"2x cổng USB-A 3.2 Gen 1 (5Gbps);, 1x cổng USB-A 3.2 Gen 2 (5Gbps + 5V/2A);, 1x cổng USB-C (USB 10Gbps + iGPU DP 1.4),, 1x cổng USB-C 3.2 Gen 2 (10Gbps + dGPU DP 2.1 + 140W PD 3.0);, 1x HDMI 2.1 (40Gbps),, 1x cổng cắm sạc chân slim,, 1x jack tai nghe 3.5mm,, 1x công tắc E-camera,, 1x cổng LAN",Windows 11 Home,>25mm,Wifi 7 + Bluetooth 5.4,60wh,24GB DDR5 (hỗ trợ nâng cấp),230W,~2 kg,"Mới 100% - FullBox, nhập khẩu","15.3″ FHD (1920×1200) IPS, 300nits, màn nhám, 165Hz, 100%sRGB, DC dimmer",1TB PCIe® 4.0 x4 NVME SSD
https://sazo.vn/products/legion-5-2025-y7000-25k-i7-14650hx-1624gb-ram-512gb-ssd-rtx-5060,Legion 5 2025 Y7000 2.5K (I7-14650HX| 16/24GB RAM| 512GB SSD| RTX 5060),"29,290,000₫",Lenovo,,,2025-08-01 18:51:35,"Full size, có led phím",12 tháng,"Intel Core i7 14650HX (16 nhân 24 luồng, xung nhịp có thể đạt tối đa 5.2GHz với Turbo boost, 30MB Intel® Smart Cache)",HD camera,Intel® Graphics + NVIDIA® GeForce RTX 5060 Laptop GPU 8GB GDDR7 115W,Nhựa Cao Cấp,"2x cổng USB-A 3.2 Gen 1 (5Gbps);, 1x cổng USB-A 3.2 Gen 2 (5Gbps + 5V/2A);, 1x cổng USB-C (USB 10Gbps + iGPU DP 1.4),, 1x cổng USB-C 3.2 Gen 2 (10Gbps + dGPU DP 2.1 + 140W PD 3.0);, 1x HDMI 2.1 (40Gbps),, 1x cổng cắm sạc chân slim,, 1x jack tai nghe 3.5mm,, 1x công tắc E-camera,, 1x cổng LAN",Windows 11 Home,>25mm,Wifi 7 + Bluetooth 5.4,60wh,16/24GB DDR5-5600MHz(hỗ trợ nâng cấp),245W,~2 kg,"Mới 100% - FullBox, nhập khẩu","15.3"" 2.5K (2560x1600) IPS, không cảm ứng, độ sáng 400nits, độ phủ màu 100% sRGB, tần số quét 180Hz, độ phản hồi 3ms, NVIDIA® G-SYNC®, DC dimmer",512GB PCIe® 4.0 x4 NVME SSD
https://sazo.vn/products/legion-5-2025-r7000p-r9-8940hx-16gb-ram-1tb-ssd-rtx-5060,Legion 5 2025 R7000P (R9-8940HX| 16GB RAM| 1TB SSD| RTX 5060),"30,400,000₫",Lenovo,,,2025-08-01 18:51:37,"Full size, có led phím",12 tháng,"AMD Ryzen 9 8940HX (16 nhân 32 luồng, xung nhịp cơ bản 2.5GHz có thể đạt tới 5.3GHz đơn nhân với turbo boost, 16MB L2 Cache, 64MB L3 Cache, default TDP 55W)",HD camera,Intel® Graphics + NVIDIA® GeForce RTX 5060 Laptop GPU 8GB GDDR7 115W,Kim loại,"2x cổng USB-A 3.2 Gen 1 (5Gbps);, 1x cổng USB-A 3.2 Gen 2 (10Gbps);, 1x cổng USB-C (USB 10Gbps + iGPU DP 2.1),, 1x cổng USB-C 3.2 Gen 2 (10Gbps + dGPU DP 2.1 + 140W PD 3.0);, 1x HDMI 2.1 (48Gbps),, 1x cổng cắm sạc chân slim,, 1x jack tai nghe 3.5mm,, 1x công tắc E-camera,, 1x cổng LAN",Windows 11 Home,>25mm,Wifi 7 + Bluetooth 5.4,80wh,16GB DDR5-5600MHz(nhận 5200MHz)(hỗ trợ nâng cấp),245W,~2.5 kg,"Mới 100% - FullBox, nhập khẩu","16"" 2.5K (2560x1600) IPS, không cảm ứng, độ sáng 500nits, độ phủ màu 100% DCI-P3, 10bit color, tỷ lệ khung hình 16:10, tần số quét 240Hz, độ phản hồi 3ms, DisplayHDR™ 400, Dolby Vision®, NVIDIA® G-SYNC®, FreeSync Premium",1TB PCIe® 4.0 x4 NVME SSD
https://sazo.vn/products/legion-5-2025-r7000p-r9-8945hx-16gb-ram-1tb-ssd-rtx-50605070,Legion 5 2025 R7000P (R9-8945HX| 16GB RAM| 1TB SSD| RTX 5060/5070),"30,900,000₫",Lenovo,,,2025-08-01 18:51:39,"Full size, có led phím",12 tháng,"AMD Ryzen 9 8945HX (16 nhân 32 luồng, xung nhịp cơ bản 2.5GHz có thể đạt tới 5.4GHz đơn nhân với turbo boost, 16MB L2 Cache, 64MB L3 Cache, default TDP 55W)",HD camera,"Intel® Graphics + NVIDIA® GeForce RTX 5060 Laptop GPU 8GB GDDR7 115W, Intel® Graphics + NVIDIA® GeForce RTX 5070 Laptop GPU 8GB GDDR7 115W",Kim loại,"2x cổng USB-A 3.2 Gen 1 (5Gbps);, 1x cổng USB-A 3.2 Gen 2 (10Gbps);, 1x cổng USB-C (USB 10Gbps + iGPU DP 2.1),, 1x cổng USB-C 3.2 Gen 2 (10Gbps + dGPU DP 2.1 + 140W PD 3.0);, 1x HDMI 2.1 (48Gbps),, 1x cổng cắm sạc chân slim,, 1x jack tai nghe 3.5mm,, 1x công tắc E-camera,, 1x cổng LAN",Windows 11 Home,>25mm,Wifi 7 + Bluetooth 5.4,80wh,16GB DDR5-5600MHz(nhận 5200MHz)(hỗ trợ nâng cấp),245W,~2.5 kg,"Mới 100% - FullBox, nhập khẩu","16"" 2.5K (2560x1600) IPS, không cảm ứng, độ sáng 500nits, độ phủ màu 100% DCI-P3, 10bit color, tỷ lệ khung hình 16:10, tần số quét 240Hz, độ phản hồi 3ms, DisplayHDR™ 400, Dolby Vision®, NVIDIA® G-SYNC®, FreeSync Premium",1TB PCIe® 4.0 x4 NVME SSD
https://sazo.vn/products/legion-5-2025-y7000p-i7-14650hx-16gb-ram-1tb-ssd-rtx-5060,Legion 5 2025 Y7000P (I7-14650HX| 16GB RAM| 1TB SSD| RTX 5060),"33,790,000₫",Lenovo,,,2025-08-01 18:51:44,"Full size, có led phím",12 tháng,"Intel Core i7 14650HX (16 nhân 24 luồng, xung nhịp có thể đạt tối đa 5.2GHz với Turbo boost, 30MB Intel® Smart Cache)",,Intel® Graphics + NVIDIA® GeForce RTX 5060 Laptop GPU 8GB GDDR7 115W,Kim loại,,Windows 11 Home,,,80wh,16GB DDR5,,,"Mới 100% - FullBox, nhập khẩu","16"" 2.5K (2560x1600) IPS, không cảm ứng, độ sáng 500nits, độ phủ màu 100% DCI-P3, tỷ lệ khung hình 16:10, tần số quét 240Hz, độ phản hồi 3ms",1TB PCIe® 4.0 x4 NVME SSD
https://sazo.vn/products/legion-5-2025-y7000p-i9-14900hx-16gb-ram-1tb-ssd-rtx-50605070,Legion 5 2025 Y7000P (I9-14900HX| 16GB RAM| 1TB SSD| RTX 5060/5070),"34,190,000₫",Lenovo,,,2025-08-01 18:51:45,"Full size, có led phím",12 tháng,"Intel Core i9 14900HX (24 nhân 32 luồng, xung nhịp có thể đạt tới 5.8GHz với turbo boost, 36MB Intel® Smart Cache)",,"Intel® Graphics + NVIDIA® GeForce RTX 5060 Laptop GPU 8GB GDDR7 115W, Intel® Graphics + NVIDIA® GeForce RTX 5070 Laptop GPU 8GB GDDR7 115W",Kim loại,,Windows 11 Home,,,80wh,16GB DDR5,,,"Mới 100% - FullBox, nhập khẩu","16"" 2.5K (2560x1600) IPS, không cảm ứng, độ sáng 500nits, độ phủ màu 100% DCI-P3, tỷ lệ khung hình 16:10, tần số quét 240Hz, độ phản hồi 3ms",1TB PCIe® 4.0 x4 NVME SSD
https://sazo.vn/products/legion-pro-5-2025-r9000p-whiter9-8945hx-32gb-ram-1tb-ssd-rtx-50605070,Legion Pro 5 2025 R9000P (White)(R9-8945HX| 32GB RAM| 1TB SSD| RTX 5060/5070),"36,400,000₫",Lenovo,,,2025-08-01 18:51:47,"Full size, có led phím",12 tháng,"AMD Ryzen 9 8945HX (16 nhân 32 luồng, xung nhịp cơ bản 2.5GHz có thể đạt tới 5.4GHz đơn nhân với turbo boost, 16MB L2 Cache, 64MB L3 Cache, default TDP 55W-120w)",HD camera,"Intel® Graphics + NVIDIA® GeForce RTX 5060 Laptop GPU 8GB GDDR7 115W, Intel® Graphics + NVIDIA® GeForce RTX 5070 Laptop GPU 8GB GDDR7 115W",Kim loại,"2x cổng USB-A 3.2 Gen 1 (5Gbps);, 1x cổng USB-A 3.2 Gen 2 (10Gbps);, 1x cổng USB-C (USB 10Gbps + iGPU DP 2.1),, 1x cổng USB-C 3.2 Gen 2 (10Gbps + dGPU DP 2.1 + 140W PD 3.0);, 1x HDMI 2.1 (48Gbps),, 1x cổng cắm sạc chân slim,, 1x jack tai nghe 3.5mm,, 1x công tắc E-camera,, 1x cổng LAN",Windows 11 Home,36.4 x 27.5 x 2.19-2.66 cm,Wifi 7 + Bluetooth 5.4,80wh,32GB(16+16) DDR5-5600MHz(nhận 5200MHz)(hỗ trợ nâng cấp),300W,~2.57 kg,"Mới 100% - FullBox, nhập khẩu","16"" 2.5K (2560x1600) IPS, không cảm ứng, độ sáng 500nits, độ phủ màu 100% DCI-P3, 10bit color, tỷ lệ khung hình 16:10, tần số quét 240Hz, độ phản hồi 3ms, DisplayHDR™ 400, Dolby Vision®, NVIDIA® G-SYNC®, FreeSync Premium",1TB PCIe® 4.0 x4 NVME SSD
https://sazo.vn/products/legion-pro-5-2025-r9000p-blackr9-8945hx-32gb-ram-1tb-ssd-rtx-50605070,Legion Pro 5 2025 R9000P (Black)(R9-8945HX| 32GB RAM| 1TB SSD| RTX 5060/5070),"34,700,000₫",Lenovo,,,2025-08-01 18:51:49,"Full size, có led phím",12 tháng,"AMD Ryzen 9 8945HX (16 nhân 32 luồng, xung nhịp cơ bản 2.5GHz có thể đạt tới 5.4GHz đơn nhân với turbo boost, 16MB L2 Cache, 64MB L3 Cache, default TDP 55W-120w)",HD camera,"Intel® Graphics + NVIDIA® GeForce RTX 5060 Laptop GPU 8GB GDDR7 115W, Intel® Graphics + NVIDIA® GeForce RTX 5070 Laptop GPU 8GB GDDR7 115W",Kim loại,"2x cổng USB-A 3.2 Gen 1 (5Gbps);, 1x cổng USB-A 3.2 Gen 2 (10Gbps);, 1x cổng USB-C (USB 10Gbps + iGPU DP 2.1),, 1x cổng USB-C 3.2 Gen 2 (10Gbps + dGPU DP 2.1 + 140W PD 3.0);, 1x HDMI 2.1 (48Gbps),, 1x cổng cắm sạc chân slim,, 1x jack tai nghe 3.5mm,, 1x công tắc E-camera,, 1x cổng LAN",Windows 11 Home,36.4 x 27.5 x 2.19-2.66 cm,Wifi 7 + Bluetooth 5.4,80wh,32GB(16+16) DDR5-5600MHz(nhận 5200MHz)(hỗ trợ nâng cấp),300W,~2.57 kg,"Mới 100% - FullBox, nhập khẩu","16"" 2.5K (2560x1600) IPS, không cảm ứng, độ sáng 500nits, độ phủ màu 100% DCI-P3, 10bit color, tỷ lệ khung hình 16:10, tần số quét 240Hz, độ phản hồi 3ms, DisplayHDR™ 400, Dolby Vision®, NVIDIA® G-SYNC®, FreeSync Premium",1TB PCIe® 4.0 x4 NVME SSD
https://sazo.vn/products/legion-pro-5-2025-y9000p-whiteultra-9-275hx-32gb-ram-1tb-ssd-rtx-50605070,Legion Pro 5 2025 Y9000P (White)(Ultra 9-275HX| 32GB RAM| 1TB SSD| RTX 5060/5070),"46,900,000₫",Lenovo,,,2025-08-01 18:51:51,"Full size, có led phím",12 tháng,"Intel Core Ultra 9 275HX (24 nhân (gồm 8 nhân P và 16 nhân E) 24 luồng, xung nhịp cơ bản từ 2.1GHz có thể đạt max với turbo boost lên tới 5.4GHz, 36MB Cache)",HD camera,"Intel® Graphics + NVIDIA® GeForce RTX 5060 Laptop GPU 8GB GDDR7 115W, Intel® Graphics + NVIDIA® GeForce RTX 5070 Laptop GPU 8GB GDDR7 115W",Kim loại,"2x cổng USB-A 3.2 Gen 1 (5Gbps);, 1x cổng USB-A 3.2 Gen 2 (10Gbps);, 1x cổng Thunderbolt 4 (USB4 40Gbps + iGPU DP 2.1),, 1x cổng USB-C 3.2 Gen 2 (10Gbps + dGPU DP 2.1 + 140W PD 3.0);, 1x HDMI 2.1 (48Gbps),, 1x cổng cắm sạc chân slim,, 1x jack tai nghe 3.5mm,, 1x công tắc E-camera,, 1x cổng LAN",Windows 11 Home,36.4 x 27.5 x 2.19-2.66 cm,Wifi 7 + Bluetooth 5.4,80wh,32GB(16+16) DDR5-6400MHz (hỗ trợ nâng cấp),300W,~2.57 kg,"Mới 100% - FullBox, nhập khẩu","16"" 2.5K (2560x1600) OLED, không cảm ứng, độ sáng 1100nits, độ phủ màu 100% DCI-P3, tỷ lệ tương phản 1000,000:1, tỷ lệ khung hình 16:10, tần số quét 240Hz, độ phản hồi 0.08ms, DisplayHDR™ True Black 1000, Dolby Vision®, NVIDIA® G-SYNC®",1TB PCIe® 4.0 x4 NVME SSD
https://sazo.vn/products/legion-pro-5-2025-y9000p-blackultra-9-275hx-32gb-ram-1tb-ssd-rtx-50605070,Legion Pro 5 2025 Y9000P (Black)(Ultra 9-275HX| 32GB RAM| 1TB SSD| RTX 5060/5070),"42,600,000₫",Lenovo,,,2025-08-01 18:51:50,"Full size, có led phím",12 tháng,"Intel Core Ultra 9 275HX (24 nhân (gồm 8 nhân P và 16 nhân E) 24 luồng, xung nhịp cơ bản từ 2.1GHz có thể đạt max với turbo boost lên tới 5.4GHz, 36MB Cache)",HD camera,"Intel® Graphics + NVIDIA® GeForce RTX 5060 Laptop GPU 8GB GDDR7 115W, Intel® Graphics + NVIDIA® GeForce RTX 5070 Laptop GPU 8GB GDDR7 115W",Kim loại,"2x cổng USB-A 3.2 Gen 1 (5Gbps);, 1x cổng USB-A 3.2 Gen 2 (10Gbps);, 1x cổng Thunderbolt 4 (USB4 40Gbps + iGPU DP 2.1),, 1x cổng USB-C 3.2 Gen 2 (10Gbps + dGPU DP 2.1 + 140W PD 3.0);, 1x HDMI 2.1 (48Gbps),, 1x cổng cắm sạc chân slim,, 1x jack tai nghe 3.5mm,, 1x công tắc E-camera,, 1x cổng LAN",Windows 11 Home,36.4 x 27.5 x 2.19-2.66 cm,Wifi 7 + Bluetooth 5.4,80wh,32GB(16+16) DDR5-6400MHz (hỗ trợ nâng cấp),300W,~2.57 kg,"Mới 100% - FullBox, nhập khẩu","16"" 2.5K (2560x1600) OLED, không cảm ứng, độ sáng 1100nits, độ phủ màu 100% DCI-P3, tỷ lệ tương phản 1000,000:1, tỷ lệ khung hình 16:10, tần số quét 240Hz, độ phản hồi 0.08ms, DisplayHDR™ True Black 1000, Dolby Vision®, NVIDIA® G-SYNC®",1TB PCIe® 4.0 x4 NVME SSD
https://sazo.vn/products/thinkpad-t14p-ai-2025-ultra-5-225h-32gb-ram-1tb-ssd,ThinkPad T14P AI 2025 (Ultra 5-225H| 32GB RAM| 1TB SSD),"28,500,000₫",Lenovo,,,2025-08-01 18:51:52,Đèn nền trắng,12 tháng,"Intel Core Ultra 5-225H (14 nhân 14 luồng, xung nhịp tối đa với Turbo Boost tới 4.9GHz, 18 MB Cache)",FullHD IR camera,Intel® Arc™ 130T (onboard),Nhôm,"2x USB-C® Thunderbolt™ 4, 2x USB-A 3.2 Gen 1, 1x HDMI® 2.1, 1x Headphone / mic combo, 1x RJ45",Windows 11 Home,325.5 x 227.6 x 17.7 mm,Wifi 7 + Bluetooth 5.4,75wh,32GB(16+16) DDR5-5600MHz (có thể nâng cấp được),65W,~1.56 kg,"Mới 100% - FullBox, nhập khẩu","14.5"" (3k) IPS, 500nit, 120Hz, 100% DCI-P3, Eyesafe®-certified low blue light, ΔE<1",1TB PCIe® Gen4 NVMe™ TLC M.2 SSD
https://sazo.vn/products/xiaoxin-pro-14-gt-2025-ultra-9-285h-32gb-ram-1tb-ssdlenovo-ideapad-5-pro,Xiaoxin Pro 14 GT 2025 (Ultra 9-285H| 32GB RAM| 1TB SSD)(Lenovo IdeaPad 5 Pro),"27,690,000₫",Lenovo,,,2025-08-01 18:51:53,"Rút gọn, led trắng",12 tháng,"Intel® Core™ Ultra 9 285H (16 nhân, 16 luồng, xung nhịp có thể đạt tới 5.4GHz với turbo boost, 24 MB Intel® Smart Cache) Intel AI Boost",FHD camera,Intel® Arc™ 140T (onboard),Kim loại,"2x USB-A , 2x Thunderbolt™ 4 type C, 1x HDMI® 2.1 , 1x jack tai Nghe 3.5mm, 1x khe đọc ghi thẻ SD",Windows 11 Home,31.2 x 22.1 x 1.55 cm,Wifi 7 + Bluetooth 5.4,84wh,32GB LPDDR5x 8533 MT/s (không hỗ trợ nâng cấp),100W,1.39 kg,"Mới 100% - FullBox, nhập khẩu","14″ 2.8K (2880x1800) OLED, màn gương, không cảm ứng, tần số quét màn 120Hz, tỷ lệ khung hình 16:10, độ sáng hãng công bố có thể đạt tới tận 1100nits, chứng chỉ màn bảo vệ mắt Eyesafe® Certified 2.0, DisplayHDR™ True Black 1000",1TB PCIe® 4.0 x4 NVME 2242 M.2 SSD
https://sazo.vn/products/thinkpad-x9-14-2025-touch-ultra-9-288v-32gb-ram-2tb-ssd-aura-edition,ThinkPad X9-14 2025 Touch (Ultra 9-288V| 32GB RAM| 2TB SSD) Aura Edition,"53,400,000₫",Lenovo,,,2025-08-01 18:51:55,"Rút gọn, có led",12 tháng,"Intel Core Ultra 9 288V (8nhân (gồm 4 nhân P và 4 nhân E) 8 luồng, xung nhịp cơ bản từ 3.3GHz có thể đạt max P-core với turbo boost tới 5.1GHz, 12 MB Intel® Smart Cache)","FHD camera, bảo mật vân tay",Intel® Arc™ Graphics 140V,Kim loại,"2x Thunderbolt™ 4 (USB4® 40Gbps), with USB PD 3.0 and DisplayPort™ 2.1, 1x Jack Tai Nghe, 1x HDMI® 2.1, 1x USB-A 3.2 Gen 2 (USB 10Gbps), Always On",Windows 11 Home,31.18 x 21.23 x 0.67 - 1.71 cm,Wifi 7 + Bluetooth 5.4,55wh,32GB LPDDR5x 8533MHz (không hỗ trợ nâng cấp),65W,~1.21 kg,"Mới 100% - FullBox, nhập khẩu","14"" 2.8K (2880 x 1800) OLED, màn gương, có cảm ứng, tần số quét 120Hz, độ sáng màn hình 500nits, 100% DCI-P3, DisplayHDR True Black 600, Dolby Vision, LOW BLUE LIGHT, đạt chứng nhận bảo vệ mắt Eyesafe2.0 certification",2TB PCIe® NVMe™ M.2 SSD gen 4
https://sazo.vn/products/thinkpad-x9-14-2025-touch-ultra-7-258v-32gb-ram-1tb-ssd-aura-edition,ThinkPad X9-14 2025 Touch (Ultra 7-258V| 32GB RAM| 1TB SSD) Aura Edition,"43,000,000₫",Lenovo,,,2025-08-01 18:51:57,"Rút gọn, có led",12 tháng,"Intel Core Ultra 7 258V 32GB (8nhân (gồm 4 nhân P và 4 nhân E) 8 luồng, xung nhịp cơ bản từ 2.2GHz có thể đạt max P-core với turbo boost tới 4.8GHz, 12 MB Intel® Smart Cache)","FHD camera, bảo mật vân tay",Intel® Arc™ Graphics 140V,Kim loại,"2x Thunderbolt™ 4 (USB4® 40Gbps), with USB PD 3.0 and DisplayPort™ 2.1, 1x Jack Tai Nghe, 1x HDMI® 2.1, 1x USB-A 3.2 Gen 2 (USB 10Gbps), Always On",Windows 11 Home,31.18 x 21.23 x 0.67 - 1.71 cm,Wifi 7 + Bluetooth 5.4,80wh,32GB LPDDR5x 8533MHz (không hỗ trợ nâng cấp),65W,~1.21 kg,"Mới 100% - FullBox, nhập khẩu","14"" 2.8K (2880 x 1800) OLED, màn gương, có cảm ứng, tần số quét 120Hz, độ sáng màn hình 500nits, 100% DCI-P3, DisplayHDR True Black 600, Dolby Vision, LOW BLUE LIGHT, đạt chứng nhận bảo vệ mắt Eyesafe2.0 certification",1TB PCIe® NVMe™ M.2 SSD gen 4
https://sazo.vn/products/legion-pro-7i-2025-y9000pblackultra-9-275hx-32gb-ram-1tb-ssd-rtx-5080,Legion Pro 7i 2025 Y9000P (Black)(Ultra 9-275HX| 32GB RAM| 1TB SSD| RTX 5080),"71,500,000₫",Lenovo,,,2025-08-01 18:51:59,"Full size, có led phím RGB",12 tháng,"Intel Core Ultra 9 275HX (24 nhân (gồm 8 nhân P và 16 nhân E) 24 luồng, xung nhịp cơ bản từ 2.1GHz có thể đạt max với turbo boost lên tới 5.4GHz, 36MB Cache)",HD camera,Intel® Graphics + NVIDIA® GeForce RTX 5080 Laptop GPU 16GB GDDR7,Kim loại,"2x cổng USB-A 3.2 Gen 1 (5Gbps);, 1x cổng USB-A 3.2 Gen 2 (10Gbps);, 1x cổng Thunderbolt 4 (USB4 40Gbps + iGPU DP 2.1),, 1x cổng USB-C 3.2 Gen 2 (10Gbps + dGPU DP 2.1 + 140W PD 3.0);, 1x HDMI 2.1 (48Gbps),, 1x cổng cắm sạc chân slim,, 1x jack tai nghe 3.5mm,, 1x công tắc E-camera,, 1x cổng LAN",Windows 11 Home,36.4 x 27.5 x 2.19-2.66 cm,Wifi 7 + Bluetooth 5.4,80wh,32GB DDR5-6400MHz (hỗ trợ nâng cấp),400W,~2.57 kg,"Mới 100% - FullBox, nhập khẩu","16"" 2.5K (2560x1600) OLED màn gương, không cảm ứng, độ sáng 1100nits, độ phủ màu 100% DCI-P3, tỷ lệ tương phản 1000,000:1, tỷ lệ khung hình 16:10, tần số quét 240Hz, DisplayHDR™ True Black 1000, Dolby Vision®, NVIDIA® G-SYNC®, Advanced Optimus support",1TB PCIe® 4.0 x4 NVME SSD(1 x PCIe Gen4 + 1 x PCIe Gen5)
https://sazo.vn/products/legion-pro-7i-2025-y9000pwhiteultra-9-275hx-32gb-ram-1tb-ssd-rtx-5080,Legion Pro 7i 2025 Y9000P (White)(Ultra 9-275HX| 32GB RAM| 1TB SSD| RTX 5080),"73,000,000₫",Lenovo,,,2025-08-01 18:52:01,"Full size, có led phím RGB",12 tháng,"Intel Core Ultra 9 275HX (24 nhân (gồm 8 nhân P và 16 nhân E) 24 luồng, xung nhịp cơ bản từ 2.1GHz có thể đạt max với turbo boost lên tới 5.4GHz, 36MB Cache)",HD camera,Intel® Graphics + NVIDIA® GeForce RTX 5080 Laptop GPU 16GB GDDR7,Kim loại,"2x cổng USB-A 3.2 Gen 1 (5Gbps);, 1x cổng USB-A 3.2 Gen 2 (10Gbps);, 1x cổng Thunderbolt 4 (USB4 40Gbps + iGPU DP 2.1),, 1x cổng USB-C 3.2 Gen 2 (10Gbps + dGPU DP 2.1 + 140W PD 3.0);, 1x HDMI 2.1 (48Gbps),, 1x cổng cắm sạc chân slim,, 1x jack tai nghe 3.5mm,, 1x công tắc E-camera,, 1x cổng LAN",Windows 11 Home,36.4 x 27.5 x 2.19-2.66 cm,Wifi 7 + Bluetooth 5.4,80wh,32GB DDR5-6400MHz (hỗ trợ nâng cấp),400W,~2.57 kg,"Mới 100% - FullBox, nhập khẩu","16"" 2.5K (2560x1600) OLED màn gương, không cảm ứng, độ sáng 1100nits, độ phủ màu 100% DCI-P3, tỷ lệ tương phản 1000,000:1, tỷ lệ khung hình 16:10, tần số quét 240Hz, DisplayHDR™ True Black 1000, Dolby Vision®, NVIDIA® G-SYNC®, Advanced Optimus support",1TB PCIe® 4.0 x4 NVME SSD(1 x PCIe Gen4 + 1 x PCIe Gen5)
https://sazo.vn/products/xiaoxin-15c-2025-lenovo-ideapad-slim-3-r7-8745hs-16gb-ram-512gb-ssd,Xiaoxin 15c 2025 (Lenovo IdeaPad Slim 3) R7-8745HS 16GB RAM 512GB SSD,"15,800,000₫",Lenovo,,,2025-08-01 18:52:05,"Full size, không đèn led",12 tháng,"Ryzen 7 8745HS (8 cores x 16 threads, up to 4.9 GHz turbo boost)",HD camera,AMD Radeon 780M,Kim loại,"2x USB-A 3.2 Gen 1, 1x SD Card Reader, 1x USB-C® 3.2 Gen 2 (PD 3.0 & DP 1.2), 1x HDMI, 1x Headphone / microphone combo jack (3.5mm), 1x DC-N power port",Windows 11 Home,34.34 x 23.95 x 1.69-1.79 cm,Wifi 6 + Bluetooth,60wh,16GB (8GB onboard + 8GB in slot) (ram hỗ trợ DDR5 5600MHz),65W,~1.49 kg,"Mới 100% - FullBox, nhập khẩu","15.1″ 2.5K(2560x1600) OLED, màn gương, không cảm ứng, tần số quét màn 165Hz, tỷ lệ khung hình 16:10, độ sáng 500nits, DC dimmer, độ phủ màu 100% DCI-P3, tỷ lệ tương phản 100,000:1, tốc độ phản hồi hình ảnh 3ms, hỗ trợ DisplayHDR™ True Black 600, màn giảm ánh sáng xanh chống hại mắt đạt chuẩn TÜV Low Blue Light",512GB PCIe NVMe M.2 SSD (2 slot)
https://sazo.vn/products/xiaoxin-pro-14-gt-2025-ai-9-h-365-32gb-ram-1tb-ssdideapad-5-pro,Xiaoxin Pro 14 GT 2025 (AI 9 H 365| 32GB RAM| 1TB SSD)(IdeaPad 5 Pro),"26,390,000₫",Lenovo,,,2025-08-01 18:52:07,"Rút gọn, led trắng",12 tháng,"AMD Ryzen AI 9 H 365 (10 nhân 20 luồng, xung nhịp cơ bản ~2GHz, tối đa có thể đạt ~5GHz, 10MB L2 Cache, 24MB L3 Cache, default TDP 28W, 4nm, Zen 5)",FHD camera,AMD Radeon™ 880M,Kim loại,"2x USB-A , 2x Thunderbolt™ 4 type C, 1x HDMI® 2.1 , 1x jack tai Nghe 3.5mm, 1x khe đọc ghi thẻ SD",Windows 11 Home,31.2 x 22.1 x 1.55 cm,Wifi 7 + Bluetooth 5.4,84wh,32GB LPDDR5x 8000MT/s (không hỗ trợ nâng cấp),100W,1.39 kg,"Mới 100% - FullBox, nhập khẩu","14″ 2.8K (2880x1800) OLED, màn gương, không cảm ứng, tần số quét màn 120Hz, tỷ lệ khung hình 16:10, độ sáng hãng công bố có thể đạt tới tận 1100nits, chứng chỉ màn bảo vệ mắt Eyesafe® Certified 2.0, DisplayHDR™ True Black 1000",1TB PCIe® 4.0 x4 NVME 2242 M.2 SSD
https://sazo.vn/products/thinkpad-x9-15-2025-touch-ultra-7-258v-32gb-ram-1tb-ssd-aura-edition,ThinkPad X9-15 2025 Touch (Ultra 7-258V| 32GB RAM| 1TB SSD) Aura Edition,"43,000,000₫",Lenovo,,,2025-08-01 18:52:09,"Rút gọn, có led",12 tháng,"Intel Core Ultra 7 258V 32GB (8nhân (gồm 4 nhân P và 4 nhân E) 8 luồng, xung nhịp cơ bản từ 2.2GHz có thể đạt max P-core với turbo boost tới 4.8GHz, 12 MB Intel® Smart Cache)","FHD camera, bảo mật vân tay",Intel® Arc™ Graphics 140V,Kim loại,"2x Thunderbolt™ 4 (USB4® 40Gbps), with USB PD 3.0 and DisplayPort™ 2.1, 1x Jack Tai Nghe, 1x HDMI® 2.1, 1x USB-A 3.2 Gen 2 (USB 10Gbps), Always On",Windows 11 Home,33.95 x 22.85 x 1.29 cm,Wifi 7 + Bluetooth 5.4,80wh,32GB LPDDR5x 8533MHz (không hỗ trợ nâng cấp),65W,~1.4 kg,"Mới 100% - FullBox, nhập khẩu","15.3"" 2.8K (2880 x 1800) OLED, màn gương, có cảm ứng, tần số quét 120Hz, độ sáng màn hình 500nits, 100% DCI-P3, DisplayHDR True Black 600, Dolby Vision, LOW BLUE LIGHT, đạt chứng nhận bảo vệ mắt Eyesafe2.0 certification, X-Rite color calibration",1TB PCIe® NVMe™ M.2 SSD gen 4
https://sazo.vn/products/thinkpad-t14-gen-4-r5-7540u-32gb-ram-1tb-ssd,ThinkPad T14 Gen 4 (R5-7540U| 32GB RAM| 512GB SSD),"18,700,000₫",Lenovo,,,2025-08-01 18:52:11,Rút gọn,12 tháng,"AMD Ryzen™ 5 PRO 7540U Processor (3.20 GHz up to 4.90 GHz Max Boost, 6 Cores, 12 Threads, 16 MB Cache)",5MP camera,AMD Radeon 740M,Nhựa cao cấp,"1x USB-C 4.0, 1x USB-C 3.2 Gen 2, 2x USB-A 3.2 Gen 1 (1 always on), 1x HDMI 2.1 supporting resolution up to 4K@60Hz, 1x Headphone / mic combo, 1x Ethernet (RJ45), Optional: nanoSIM, Optional: Smart card reader",Windows 11 Home,17.9mm x 317.7mm x 226.9mm / 0.70″ x 12.51″ x 8.93″,Wifi 6E + Bluetooth 5.3,~52wh,32GB LPDDR5x 6400MHz (không hỗ trợ nâng cấp được),65W,~1.35 kg,"Mới 100% - FullBox, nhập khẩu","14″ WUXGA (1920 x 1200) IPS, 300 nits, antiglare, 45% NTSC",512GB PCIe® Gen4 NVMe™ M.2 SSD
https://sazo.vn/products/thinkbook-16-g7-2025-ultra-9-285h-32gb-ram-1tb-ssd,Thinkbook 16 G7+ 2025 (Ultra 9-285H| 32GB RAM| 1TB SSD),"27,990,000₫",Lenovo,,,2025-08-01 18:52:13,"Fullsize, có led phím",12 tháng,"Intel® Core™ Ultra 9 285H (16 nhân, 16 luồng, xung nhịp có thể đạt tới 5.4GHz với turbo boost, 24 MB Intel® Smart Cache) Intel AI Boost",FHD IR camera,Intel® Arc™ 140T GPU (onboard),Kim loại,"2x cổng USB-A 3.2 Gen 1, , 1x khe đọc-ghi thẻ microSD, , 1x Khe cắm chìm USB-A 2.0, , 1x USB-C 3.2 Gen 2, , 1x cổng HDMI 2.1, , 1x cổng Thunderbolt 4 type C, , 1x Cổng mạng LAN,, 1x jack tai nghe, , 1x khe khóa vật lý, , 1x cổng TGX",Windows 11 Home,35.6 x 24.8 x 1.69cm,Wifi 7 + Bluetooth 5.2,85wh,32GB DDR5 5600MHz (có hỗ trợ nâng cấp),100W,~1.9 kg,"Mới 100% - FullBox, nhập khẩu","16"" 3.2K (3200×2000) IPS, màn nhám không cảm ứng, tỷ lệ khung hình 16:10, tỷ lệ tương phản 1200:1, độ sáng lên tới 500nits, tần số quét 165Hz, 100% DCI-P3, chỉ số DeltaE <1, Dolby® Vison, TÜV Low Blue Light. (các thông số này công bố trên trang của chính",1TB PCIe® NVMe™ M.2 SSD
https://sazo.vn/products/thinkbook-14-g7-2025-ultra-9-285h-32gb-ram-1tb-ssd,Thinkbook 14 G7+ 2025 (Ultra 9-285H| 32GB RAM| 1TB SSD),"27,890,000₫",Lenovo,,,2025-08-01 18:52:15,"Rút gọn, có led phím",12 tháng,"Intel® Core™ Ultra 9 285H (16 nhân, 16 luồng, xung nhịp có thể đạt tới 5.4GHz với turbo boost, 24 MB Intel® Smart Cache) Intel AI Boost",FHD IR camera,Intel® Arc™ 140T GPU (onboard),Kim loại,"2x cổng USB-A 3.2 Gen 1, , 1x khe đọc-ghi thẻ microSD, , 1x Khe cắm chìm USB-A 2.0, , 1x USB-C 3.2 Gen 2, , 1x cổng HDMI 2.1, , 1x cổng Thunderbolt 4 type C, , 1x Cổng mạng LAN,, 1x jack tai nghe, , 1x khe khóa vật lý, , 1x cổng TGX",Windows 11 Home,32.2 x 22.8 x 1.55-1.7cm,Wifi 7 + Bluetooth 5.2,85wh,32GB LPDDR5x 8533MHz (không hỗ trợ nâng cấp),100W,1.5 kg,"Mới 100% - FullBox, nhập khẩu","14.5"" 3K (3072×1920) IPS, màn nhám không cảm ứng, tỷ lệ khung hình 16:10, tỷ lệ tương phản 1200:1, độ sáng lên tới 500nits, tần số quét 120Hz, 100% DCI-P3, chỉ số DeltaE <1, Dolby® Vison, TÜV Low Blue Light.",1TB PCIe® NVMe™ M.2 SSD
https://sazo.vn/products/thinkpad-x9-15-2025-touch-ultra-9-288v-32gb-ram-2tb-ssd,ThinkPad X9-15 2025 Touch (Ultra 9-288V| 32GB RAM| 2TB SSD) Aura Edition,"54,500,000₫",Lenovo,,,2025-08-01 18:52:16,"Rút gọn, có led",12 tháng,"Intel Core Ultra 9 288V (8nhân (gồm 4 nhân P và 4 nhân E) 8 luồng, xung nhịp cơ bản từ 3.3GHz có thể đạt max P-core với turbo boost tới 5.1GHz, 12 MB Intel® Smart Cache)","FHD camera, bảo mật vân tay",Intel® Arc™ Graphics 140V,Kim loại,"2x Thunderbolt™ 4 (USB4® 40Gbps), with USB PD 3.0 and DisplayPort™ 2.1, 1x Jack Tai Nghe, 1x HDMI® 2.1, 1x USB-A 3.2 Gen 2 (USB 10Gbps), Always On",Windows 11 Home,33.95 x 22.85 x 1.29 cm,Wifi 7 + Bluetooth 5.4,80wh,32GB LPDDR5x 8533MHz (không hỗ trợ nâng cấp),65W,~1.4 kg,"Mới 100% - FullBox, nhập khẩu","15.3"" 2.8K (2880 x 1800) OLED, màn gương, có cảm ứng, tần số quét 120Hz, độ sáng màn hình 500nits, 100% DCI-P3, DisplayHDR True Black 600, Dolby Vision, LOW BLUE LIGHT, đạt chứng nhận bảo vệ mắt Eyesafe2.0 certification, X-Rite color calibration",2TB PCIe® NVMe™ M.2 SSD gen 4
https://sazo.vn/products/ai-xiaoxin-16-2024-r7-8745h-16gb-ram-512gb-ssdlenovo-ideapad-slim-5,AI Xiaoxin 16 2024 R7-8745H 16GB RAM 512GB SSD(Lenovo IdeaPad Slim 5),"14,490,000₫",Lenovo,,,2025-08-01 18:52:18,Full size,12 tháng,"Ryzen 7 8745H (8 cores x 16 threads, up to 4.9 GHz turbo boost)",1080P Full HD camera,AMD Radeon 780M,Kim loại,"2x USB 3.2 Gen 1, 1x MicroSD UHS-i Card Reader, 1x USB-C® 3.2 Gen 2 (support 20Gbps data transfer, Power Delivery 100W and DisplayPort™ 2.1), 1x USB-C® Thunderbolt 4 interface (support 40Gbps data transfer, Power Delivery 100W and DisplayPort™ 2.1), 1x HDMI 2.0, 1x Headphone / microphone combo jack (3.5mm)",Windows 11 Home,16.9mm,Wifi 6E + Bluetooth,57wh,16GB LPDDR5X 6400MHz onboard (không nâng cấp được),65W,~1.89 kg,"Mới 100% - FullBox, nhập khẩu","16″ FHD+ (1920x1200) IPS, màn nhám, chống lóa, không cảm ứng, tần số quét màn 60Hz, tỷ lệ khung hình 16:10, độ sáng 300nits, 100%sRGB, Eyesafe® Certified",512GB PCIe NVMe M.2 SSD
https://sazo.vn/products/legion-5-pro-2024-r9000p-arx8-ryzen-9-7945hx-16gb-ram-1tb-ssd-rtx4070,Legion 5 Pro 2024 R9000P ARX8 Ryzen 9 7945HX 16GB RAM 1TB SSD RTX4070,"35,200,000₫",Lenovo,,,2025-08-01 18:52:20,Đèn nền trắng,12 tháng,"AMD Ryzen 9 7945HX (16 nhân 32 luồng, xung nhịp cơ bản 2.5GHz có thể đạt tới 5.4GHz đơn nhân với turbo boost, 16MB L2 Cache, 64MB L3 Cache, default TDP 55W-110w)",HD Webcam,AMD Radeon™ 610M + NVIDIA® GeForce® RTX 4070 8GB,Kim loại,"2x USB-C, 3x USB-A 3.2 Gen 1, 1x USB-A 3.2 Gen 1 (One Always On), 1x RJ45, 1x HDMI 2.1 , 1x Jack 3.5mm, 1x Power input",Windows 11 Home,358mm*261mm*22mm - 26mm,Wifi 6E + Bluetooth 5.2,"4-cell, 80wh",16GB DDR5 5200MHz (có thể nâng cấp),300W,2.55 kg,"Mới 100% - FullBox, nhập khẩu","16.0"" WQXGA (2560x1600) IPS, 500nits, màn nhám, 240Hz, 100% DCI-P3, Dolby Vision, HDR 400, Free-Sync, G-Sync, DC dimmer...",1TB PCIe® NVMe™ M.2 SSD gen 4
https://sazo.vn/products/thinkbook-16-g7-2025-ultra-7-255h-32gb-ram-1tb-ssd,Thinkbook 16 G7+ 2025 (Ultra 7-255H| 32GB RAM| 1TB SSD),"26,490,000₫",Lenovo,,,2025-08-01 18:52:22,có led phím,12 tháng,"Intel® Core™ Ultra 7 255H (16 nhân 16 luồng, xung nhịp tối đa có thể đạt P-core 5.1GHz / E-core 4.4GHz, 24 MB Intel®) Intel AI Boost",FHD IR camera,Intel® Arc™ 140T GPU (onboard),Kim loại,"2x cổng USB-A 3.2 Gen 1, , 1x khe đọc-ghi thẻ SD, , 1x Khe cắm chìm USB-A 2.0, , 1x USB-C 3.2 Gen 2, , 1x cổng HDMI 2.1, , 1x cổng Thunderbolt 4 type C, , 1x Cổng mạng LAN,, 1x jack tai nghe, , 1x khe khóa vật lý, , 1x cổng TGX",Windows 11 Home,35.6 x 24.8 x 1.69cm,Wifi 7 + Bluetooth 5.2,85wh,32GB DDR5 5600Hz,100W,~1.9 kg,"Mới 100% - FullBox, nhập khẩu","16"" 3.2K (3200×2000) IPS, màn nhám không cảm ứng, tỷ lệ khung hình 16:10, tỷ lệ tương phản 1200:1, độ sáng lên tới 500nits, tần số quét 165Hz, 100% DCI-P3, chỉ số DeltaE <1, Dolby® Vison, TÜV Low Blue Light.",1TB PCIe® NVMe™ M.2 SSD gen 4
https://sazo.vn/products/legion-5-pro-2024-r9000p-arx8-ryzen-9-7945hx-16gb-ram-1tb-ssd-rtx4060-trang,Legion 5 Pro 2024 R9000P ARX8 Ryzen 9 7945HX 16GB RAM 1TB SSD RTX4060 Trắng,"32,500,000₫",Lenovo,,,2025-08-01 18:52:22,Đèn nền trắng,12 tháng,"AMD Ryzen 9 7945HX (16 nhân 32 luồng, xung nhịp cơ bản 2.5GHz có thể đạt tới 5.4GHz đơn nhân với turbo boost, 16MB L2 Cache, 64MB L3 Cache, default TDP 55W-110w)",HD Webcam,AMD Radeon™ 610M + NVIDIA® GeForce® RTX 4060 8GB,Kim loại,"2x USB-C, 3x USB-A 3.2 Gen 1, 1x USB-A 3.2 Gen 1 (One Always On), 1x RJ45, 1x HDMI 2.1 , 1x Jack 3.5mm, 1x Power input",Windows 11 Home,358mm*261mm*22mm - 26mm,Wifi 6E + Bluetooth 5.2,"4-cell, 80wh",16GB DDR5 5200MHz (có thể nâng cấp),300W,2.55 kg,"Mới 100% - FullBox, nhập khẩu","16.0"" WQXGA (2560x1600) IPS, 500nits, màn nhám, 240Hz, 100% DCI-P3, Dolby Vision, HDR 400, Free-Sync, G-Sync, DC dimmer...",1TB PCIe® NVMe™ M.2 SSD gen 4
https://sazo.vn/products/thinkbook-x-ai-2025-limited-ultra-9-285h-32gb-ram-1tb-ssd-stainless-magnesium-edition,Thinkbook X AI 2025 Limited (Ultra 9-285H| 32GB RAM| 1TB SSD) Stainless Magnesium Edition,"36,690,000₫",Lenovo,,,2025-08-01 18:52:24,"Rút gọn, led trắng",12 tháng,"Intel® Core™ Ultra 9 285H (16 nhân, 16 luồng, xung nhịp có thể đạt tới 5.4GHz với turbo boost, 24 MB Intel® Smart Cache) Intel AI Boost",FHD IR camera,Intel® Arc™ 140T (onboard),Magie,"3x Thunderbolt 4 type C, 1x công tắc E-camera, 1x jack tai nghe",Windows 11 Home,29.35cm x 20.53cm x 1.29cm,Wifi 7 + Bluetooth 5.4,74wh,32GB LPDDR5x 8400MHz (không hỗ trợ nâng cấp),65W,~1 kg,"Mới 100% - FullBox, nhập khẩu","13.5″, 2.8K (2880x1920), IPS, màn nhám không cảm ứng, có cảm ứng, độ sáng lên tới 500nits, tần số 120Hz, tỷ lệ khung hình 3:2, độ phủ màu 100%sRGB, hỗ trợ HDR400, chứng chỉ màn hình giảm ánh sáng xanh bảo vệ mắt Eyesafe® Certified và TUV Rheinland",1TB PCIe® 4.0 x4 NVME 2242 M.2 SSD
https://sazo.vn/products/thinkbook-x-ai-2025-khong-touch-ultra-5-225h-32gb-ram-1tb-ssd,Thinkbook X AI 2025 - Không Touch (Ultra 5-225H| 32GB RAM| 1TB SSD),"26,790,000₫",Lenovo,,,2025-08-01 18:52:28,"Rút gọn, led trắng",12 tháng,"Intel Core Ultra 5-225H (14 nhân 14 luồng, xung nhịp tối đa với Turbo Boost tới 4.9GHz, 18 MB Cache), chuẩn Intel Evo","FHD IR camera, bảo mật vân tay",Intel® Arc™ 130T (onboard),Kim loại,"3x Thunderbolt 4 type C, 1x công tắc E-camera, 1x jack tai nghe",Windows 11 Home,29.35cm x 20.53cm x 1.29cm,Wifi 7 + Bluetooth 5.4,74wh,32GB LPDDR5x 8400MHz (không hỗ trợ nâng cấp),65W,~1.2 kg,"Mới 100% - FullBox, nhập khẩu","13.5″, 2.8K (2880x1920), IPS, màn nhám không cảm ứng, độ sáng lên tới 500nits, tần số 120Hz, tỷ lệ khung hình 3:2, độ phủ màu 100%sRGB, hỗ trợ HDR400, chứng chỉ màn hình giảm ánh sáng xanh bảo vệ mắt Eyesafe® Certified và TUV Rheinland",1TB PCIe® 4.0 x4 NVME 2242 M.2 SSD
https://sazo.vn/products/thinkbook-x-ai-2025-touch-ultra-5-225h-32gb-ram-1tb-ssd,Thinkbook X AI 2025 - Touch (Ultra 5-225H| 32GB RAM| 1TB SSD),"27,190,000₫",Lenovo,,,2025-08-01 18:52:30,"Rút gọn, led trắng",12 tháng,"Intel Core Ultra 5-225H (14 nhân 14 luồng, xung nhịp tối đa với Turbo Boost tới 4.9GHz, 18 MB Cache), chuẩn Intel Evo","FHD IR camera, bảo mật vân tay",Intel® Arc™ 130T (onboard),Kim loại,"3x Thunderbolt 4 type C, 1x công tắc E-camera, 1x jack tai nghe",Windows 11 Home,29.35cm x 20.53cm x 1.29cm,Wifi 7 + Bluetooth 5.4,74wh,32GB LPDDR5x 8400MHz (không hỗ trợ nâng cấp),65W,~1.2 kg,"Mới 100% - FullBox, nhập khẩu","13.5″, 2.8K (2880x1920), IPS, có cảm ứng, độ sáng lên tới 500nits, tần số 120Hz, tỷ lệ khung hình 3:2, độ phủ màu 100%sRGB, hỗ trợ HDR400, chứng chỉ màn hình giảm ánh sáng xanh bảo vệ mắt Eyesafe® Certified và TUV Rheinland",1TB PCIe® 4.0 x4 NVME 2242 M.2 SSD
https://sazo.vn/products/thinkbook-x-ai-2025-khong-touch-ultra-9-285h-32gb-ram-1tb-ssd,Thinkbook X AI 2025 - Không Touch (Ultra 9-285H| 32GB RAM| 1TB SSD),"29,390,000₫",Lenovo,,,2025-08-01 18:52:32,"Rút gọn, led trắng",12 tháng,"Intel® Core™ Ultra 9 285H (16 nhân, 16 luồng, xung nhịp có thể đạt tới 5.4GHz với turbo boost, 24 MB Intel® Smart Cache) Intel AI Boost","FHD IR camera, bảo mật vân tay",Intel® Arc™ 140T (onboard),Kim loại,"3x Thunderbolt 4 type C, 1x công tắc E-camera, 1x jack tai nghe",Windows 11 Home,29.35cm x 20.53cm x 1.29cm,Wifi 7 + Bluetooth 5.4,74wh,32GB LPDDR5x 8400MHz (không hỗ trợ nâng cấp),65W,~1.2 kg,"Mới 100% - FullBox, nhập khẩu","13.5″, 2.8K (2880x1920), IPS, màn nhám không cảm ứng, độ sáng lên tới 500nits, tần số 120Hz, tỷ lệ khung hình 3:2, độ phủ màu 100%sRGB, hỗ trợ HDR400, chứng chỉ màn hình giảm ánh sáng xanh bảo vệ mắt Eyesafe® Certified và TUV Rheinland",1TB PCIe® 4.0 x4 NVME 2242 M.2 SSD
https://sazo.vn/products/thinkbook-x-ai-2025-touch-ultra-9-285h-32gb-ram-1tb-ssd,Thinkbook X AI 2025 - Touch (Ultra 9-285H| 32GB RAM| 1TB SSD),"31,390,000₫",Lenovo,,,2025-08-01 18:52:34,"Rút gọn, led trắng",12 tháng,"Intel® Core™ Ultra 9 285H (16 nhân, 16 luồng, xung nhịp có thể đạt tới 5.4GHz với turbo boost, 24 MB Intel® Smart Cache) Intel AI Boost",FHD IR camera,Intel® Arc™ 140T (onboard),Kim loại,"3x Thunderbolt 4 type C, 1x công tắc E-camera, 1x jack tai nghe",Windows 11 Home,29.35cm x 20.53cm x 1.29cm,Wifi 7 + Bluetooth 5.4,74wh,32GB LPDDR5x 8400MHz (không hỗ trợ nâng cấp),65W,~1.2 kg,"Mới 100% - FullBox, nhập khẩu","13.5″, 2.8K (2880x1920), IPS, có cảm ứng, độ sáng lên tới 500nits, tần số 120Hz, tỷ lệ khung hình 3:2, độ phủ màu 100%sRGB, hỗ trợ HDR400, chứng chỉ màn hình giảm ánh sáng xanh bảo vệ mắt Eyesafe® Certified và TUV Rheinland",1TB PCIe® 4.0 x4 NVME 2242 M.2 SSD
https://sazo.vn/products/xiaoxin-pro-16-gt-2025-ai-9-h-365-32gb-ram-1tb-ssdlenovo-ideapad-5-pro-1,Xiaoxin Pro 16 GT 2025 (AI 9 H 365| 32GB RAM| 1TB SSD)(Lenovo IdeaPad 5 Pro),"27,090,000₫",Lenovo,,,2025-08-01 18:52:35,"Fullsize, led trắng",12 tháng,"AMD Ryzen AI 9 H 365 (10 nhân 20 luồng, xung nhịp cơ bản ~2GHz, tối đa có thể đạt ~5GHz, 10MB L2 Cache, 24MB L3 Cache, default TDP 28W, 4nm, Zen 5)",FHD IR camera,AMD Radeon™ 880M,Kim loại,"2x USB-A , 2x Thunderbolt™ 4 type C, 1x HDMI® 2.1 , 1x jack tai Nghe 3.5mm, 1x khe đọc ghi thẻ SD",Windows 11 Home,35.68 x 25.1 x 1.59 cm,Wifi 7 + Bluetooth 5.4,84wh,32GB LPDDR5x 8000MT/s (không hỗ trợ nâng cấp),100W,~1.7 kg,"Mới 100% - FullBox, nhập khẩu","16″ 2.8K (2880x1800) OLED, màn gương, không cảm ứng, tần số quét màn 120Hz, tỷ lệ khung hình 16:10, độ sáng hãng công bố có thể đạt tới tận 1100nits, chứng chỉ màn bảo vệ mắt Eyesafe® Certified 2.0, DisplayHDR™ True Black 1000",1TB PCIe® 4.0 x4 NVME 2242 M.2 SSD
https://sazo.vn/products/xiaoxin-pro-16-gt-2025-ai-7-h-350-32gb-ram-1tb-ssdlenovo-ideapad-5-pro,Xiaoxin Pro 16 GT 2025 (AI 7 H 350| 32GB RAM| 1TB SSD)(Lenovo IdeaPad 5 Pro),"23,800,000₫",Lenovo,,,2025-08-01 18:52:37,"Fullsize, led trắng",12 tháng,"AMD Ryzen AI 7 H 350 (8 nhân 16 luồng, xung nhịp cơ bản ~2GHz, tối đa có thể đạt ~5GHz, 8MB L2 Cache, 16MB L3 Cache, default TDP 28W, 4nm, Zen 5)",FHD IR camera,AMD Radeon™ 860M,Kim loại,"2x USB-A , 2x Thunderbolt™ 4 type C, 1x HDMI® 2.1 , 1x jack tai Nghe 3.5mm, 1x khe đọc ghi thẻ SD",Windows 11 Home,35.68 x 25.1 x 1.59 cm,Wifi 7 + Bluetooth 5.4,84wh,32GB LPDDR5x 8000MT/s (không hỗ trợ nâng cấp),100W,~1.7 kg,"Mới 100% - FullBox, nhập khẩu","16″ 2.8K (2880x1800) OLED, màn gương, không cảm ứng, tần số quét màn 120Hz, tỷ lệ khung hình 16:10, độ sáng hãng công bố có thể đạt tới tận 1100nits, chứng chỉ màn bảo vệ mắt Eyesafe® Certified 2.0, DisplayHDR™ True Black 1000",1TB PCIe® 4.0 x4 NVME 2242 M.2 SSD
https://sazo.vn/products/xiaoxin-pro-14-gt-2025-ai-7-h-350-32gb-ram-1tb-ssdlenovo-ideapad-5-pro,Xiaoxin Pro 14 GT 2025 (AI 7 H 350| 32GB RAM| 1TB SSD)(Lenovo IdeaPad 5 Pro),"23,690,000₫",Lenovo,,,2025-08-01 18:52:39,"Rút gọn, led trắng",12 tháng,"AMD Ryzen AI 7 H 350 (8 nhân 16 luồng, xung nhịp cơ bản ~2GHz, tối đa có thể đạt ~5GHz, 8MB L2 Cache, 16MB L3 Cache, default TDP 28W, 4nm, Zen 5)",FHD camera,AMD Radeon™ 860M,Kim loại,"2x USB-A , 2x USB 4 type C, 1x HDMI® 2.1 , 1x jack tai Nghe 3.5mm, 1x khe đọc ghi thẻ SD",Windows 11 Home,31.2 x 22.1 x 1.55 cm,Wifi 7 + Bluetooth 5.4,84wh,32GB LPDDR5x 8000MT/s (không hỗ trợ nâng cấp),100W,1.39 kg,"Mới 100% - FullBox, nhập khẩu","14″ 2.8K (2880x1800) OLED, màn gương, không cảm ứng, tần số quét màn 120Hz, tỷ lệ khung hình 16:10, độ sáng hãng công bố có thể đạt tới tận 1100nits, chứng chỉ màn bảo vệ mắt Eyesafe® Certified 2.0, DisplayHDR™ True Black 1000",1TB PCIe® 4.0 x4 NVME 2242 M.2 SSD
https://sazo.vn/products/xiaoxin-pro-16-gt-2025-ultra-9-285h-32gb-ram-1tb-ssd-lenovo-ideapad-5-pro,Xiaoxin Pro 16 GT 2025 (Ultra 9-285H| 32GB RAM| 1TB SSD)(Lenovo IdeaPad 5 Pro),"28,390,000₫",Lenovo,,,2025-08-01 18:52:41,"Fullsize, led trắng",12 tháng,"Intel® Core™ Ultra 9 285H (16 nhân, 16 luồng, xung nhịp có thể đạt tới 5.4GHz với turbo boost, 24 MB Intel® Smart Cache, Default TDP 45W) Intel AI Boost",FHD IR camera,Intel® Arc™ 140T (onboard),Kim loại,"2x USB-A , 2x Thunderbolt™ 4 type C, 1x HDMI® 2.1 , 1x jack tai Nghe 3.5mm, 1x khe đọc ghi thẻ SD",Windows 11 Home,35.68 x 25.1 x 1.59 cm,Wifi 7 + Bluetooth 5.4,84wh,32GB LPDDR5x 8533 MT/s (không hỗ trợ nâng cấp),100W,1.7 kg,"Mới 100% - FullBox, nhập khẩu","16″ 2.8K (2880x1800) OLED, màn gương, không cảm ứng, tần số quét màn 120Hz, tỷ lệ khung hình 16:10, độ sáng hãng công bố có thể đạt tới tận 1100nits (tối đa, còn typical là 500nits), chứng chỉ màn giảm ánh sáng xanh bảo vệ mắt...",1TB PCIe® 4.0 x4 NVME 2242 M.2 SSD
https://sazo.vn/products/xiaoxin-pro-16-gt-2025-ultra-5-225h-32gb-ram-1tb-ssd-lenovo-ideapad-5-pro,Xiaoxin Pro 16 GT 2025 (Ultra 5-225H| 32GB RAM| 1TB SSD)(Lenovo IdeaPad 5 Pro),"23,700,000₫",Lenovo,,,2025-08-01 18:52:43,"Fullsize, led trắng",12 tháng,"Intel® Core™ Ultra 5 225H (14 nhân 14 luồng, xung nhịp tối đa có thể đạt P-core 4.9GHz / E-core 4.3GHz, 18 MB Intel® Smart Cache) Intel AI Boost",FHD IR camera,Intel® Arc™ 130T,Kim loại,"2x USB-A , 2x Thunderbolt™ 4 type C, 1x HDMI® 2.1 , 1x jack tai Nghe 3.5mm, 1x khe đọc ghi thẻ SD",Windows 11 Home,35.68 x 25.1 x 1.59 cm,Wifi 7 + Bluetooth 5.4,84wh,32GB LPDDR5x 8533 MT/s (không hỗ trợ nâng cấp),100W,1.7 kg,"Mới 100% - FullBox, nhập khẩu","16″ 2.8K (2880x1800) OLED, màn gương, không cảm ứng, tần số quét màn 120Hz, tỷ lệ khung hình 16:10, độ sáng hãng công bố có thể đạt tới tận 1100nits (tối đa, còn typical là 500nits), chứng chỉ màn giảm ánh sáng xanh bảo vệ mắt...",1TB PCIe® 4.0 x4 NVME 2242 M.2 SSD
https://sazo.vn/products/thinkbook-14-g7-2025-ultra-7-255h-32gb-ram-1tb-ssd,Thinkbook 14 G7+ 2025 (Ultra 7-255H| 32GB RAM| 1TB SSD),"26,390,000₫",Lenovo,,,2025-08-01 18:52:45,"Rút gọn, có led phím",12 tháng,"Intel® Core™ Ultra 7 255H (16 nhân 16 luồng, xung nhịp tối đa có thể đạt P-core 5.1GHz / E-core 4.4GHz, 24 MB Intel®) Intel AI Boost",FHD IR camera,Intel® Arc™ 140T GPU (onboard),Kim loại,"2x cổng USB-A 3.2 Gen 1, , 1x khe đọc-ghi thẻ microSD, , 1x Khe cắm chìm USB-A 2.0, , 1x USB-C 3.2 Gen 2, , 1x cổng HDMI 2.1, , 1x cổng Thunderbolt 4 type C, , 1x Cổng mạng LAN,, 1x jack tai nghe, , 1x khe khóa vật lý, , 1x cổng TGX",Windows 11 Home,32.2 x 22.8 x 1.55-1.7cm,Wifi 7 + Bluetooth 5.2,85wh,32GB LPDDR5x 8533MHz (không hỗ trợ nâng cấp),100W,1.5 kg,"Mới 100% - FullBox, nhập khẩu","14.5"" 3K (3072×1920) IPS, màn nhám không cảm ứng, tỷ lệ khung hình 16:10, tỷ lệ tương phản 1200:1, độ sáng lên tới 500nits, tần số quét 120Hz, 100% DCI-P3, chỉ số DeltaE <1, Dolby® Vison, TÜV Low Blue Light.",1TB PCIe® NVMe™ M.2 SSD
https://sazo.vn/products/thinkbook-16-g7-2025-ultra-5-225h-32gb-ram-1tb-ssd,Thinkbook 16 G7+ 2025 (Ultra 5-225H| 32GB RAM| 1TB SSD),"22,590,000₫",Lenovo,,,2025-08-01 18:52:47,có led phím,12 tháng,"Intel® Core™ Ultra 5 225H (14 nhân 14 luồng, xung nhịp tối đa có thể đạt P-core 4.9GHz / E-core 4.3GHz, 18 MB Intel® Smart Cache) Intel AI Boost",FHD IR camera,Intel® Arc™ 130T GPU (onboard),Kim loại,"2x cổng USB-A 3.2 Gen 1, , 1x khe đọc-ghi thẻ SD, , 1x Khe cắm chìm USB-A 2.0, , 1x USB-C 3.2 Gen 2, , 1x cổng HDMI 2.1, , 1x cổng Thunderbolt 4 type C, , 1x Cổng mạng LAN,, 1x jack tai nghe, , 1x khe khóa vật lý, , 1x cổng TGX",Windows 11 Home,35.6 x 24.8 x 1.69cm,Wifi 7 + Bluetooth 5.2,85wh,32GB DDR5 5600Hz,100W,1.9 kg,"Mới 100% - FullBox, nhập khẩu","16"" 3.2K (3200×2000) IPS, màn nhám không cảm ứng, tỷ lệ khung hình 16:10, tỷ lệ tương phản 1200:1, độ sáng lên tới 500nits, tần số quét 165Hz, 100% DCI-P3, chỉ số DeltaE <1, Dolby® Vison, TÜV Low Blue Light.",1TB PCIe® NVMe™ M.2 SSD gen 4
https://sazo.vn/products/thinkbook-14-g7-2025-ultra-5-225h-32gb-ram-1tb-ssd,Thinkbook 14 G7+ 2025 (Ultra 5-225H| 32GB RAM| 1TB SSD),"21,590,000₫",Lenovo,,,2025-08-01 18:52:48,"Rút gọn, có led phím",12 tháng,"Intel® Core™ Ultra 5 225H (14 nhân 14 luồng, xung nhịp tối đa có thể đạt P-core 4.9GHz / E-core 4.3GHz, 18 MB Intel® Smart Cache) Intel AI Boost",FHD IR camera,Intel® Arc™ 130T GPU (onboard),Kim loại,"2x cổng USB-A 3.2 Gen 1, , 1x khe đọc-ghi thẻ microSD, , 1x Khe cắm chìm USB-A 2.0, , 1x USB-C 3.2 Gen 2, , 1x cổng HDMI 2.1, , 1x cổng Thunderbolt 4 type C, , 1x Cổng mạng LAN,, 1x jack tai nghe, , 1x khe khóa vật lý, , 1x cổng TGX",Windows 11 Home,32.2 x 22.8 x 1.55-1.7cm,Wifi 7 + Bluetooth 5.2,85wh,32GB LPDDR5x 8533MHz (không hỗ trợ nâng cấp),100W,1.5 kg,"Mới 100% - FullBox, nhập khẩu","14.5"" 3K (3072×1920) IPS, màn nhám không cảm ứng, tỷ lệ khung hình 16:10, tỷ lệ tương phản 1200:1, độ sáng lên tới 500nits, tần số quét 120Hz, 100% DCI-P3, chỉ số DeltaE <1, Dolby® Vison, TÜV Low Blue Light.",1TB PCIe® NVMe™ M.2 SSD
